{"cameraMode":{"drawMode":0,"name":"Shaded","section":"Shading Mode"},"sceneLighting":true,"audioPlay":false,"sceneViewState":{"showFog":true,"showMaterialUpdate":false,"showSkybox":true,"showFlares":true,"showImageEffects":true,"showParticleSystems":true},"in2DMode":false,"pivot":{"x":284.12750244140627,"y":259.23126220703127,"z":0.0},"rotation":{"x":-0.15851308405399323,"y":0.6112099289894104,"z":-0.1266430914402008,"w":-0.7650216817855835},"size":144.74940490722657,"orthographic":false}