{"cameraMode":{"drawMode":0,"name":"Shaded","section":"Shading Mode"},"sceneLighting":false,"audioPlay":false,"sceneViewState":{"showFog":true,"showMaterialUpdate":false,"showSkybox":false,"showFlares":true,"showImageEffects":true,"showParticleSystems":true},"in2DMode":false,"pivot":{"x":-0.027550995349884034,"y":1.1512876749038697,"z":-0.10941190272569657},"rotation":{"x":0.08712783455848694,"y":-0.29998689889907839,"z":0.027525682002305986,"w":0.9495580196380615},"size":2.5441880226135256,"orthographic":false}