{"cameraMode":{"drawMode":0,"name":"Shaded","section":"Shading Mode"},"sceneLighting":true,"audioPlay":false,"sceneViewState":{"showFog":true,"showMaterialUpdate":false,"showSkybox":true,"showFlares":true,"showImageEffects":true,"showParticleSystems":true},"in2DMode":false,"pivot":{"x":-7.706735610961914,"y":0.1587977409362793,"z":-2.447281837463379},"rotation":{"x":0.05371528118848801,"y":-0.6034112572669983,"z":0.04079223424196243,"w":0.7945728302001953},"size":21.050371170043947,"orthographic":false}