{"cameraMode":{"drawMode":0,"name":"Shaded","section":"Shading Mode"},"sceneLighting":true,"audioPlay":false,"sceneViewState":{"showFog":true,"showMaterialUpdate":false,"showSkybox":true,"showFlares":true,"showImageEffects":true,"showParticleSystems":true},"in2DMode":false,"pivot":{"x":6.002409934997559,"y":0.6438360214233398,"z":-1.7806282043457032},"rotation":{"x":-0.009393926709890366,"y":0.9766760468482971,"z":-0.21001945436000825,"w":-0.04368559643626213},"size":16.958812713623048,"orthographic":false}